parameter,K,PIC.variance.obs,PIC.variance.rnd.mean,PIC.variance.P,PIC.variance.Z
dur,0.7350428658919415,0.0011272099882671336,0.004166818247072211,0.0058994100589941,-1.7578620883031593
df,0.6418652957817889,16689.364044339578,55604.942038196794,0.0037996200379962005,-1.5338618264441735
ci,0.6905717409055254,23.48022180881697,73.89774423129018,0.016998300169983,-1.1242829538220187
pn,0.5353138386024735,0.963598457225036,2.691326324415141,0.018998100189981004,-1.29109912671665
pr,0.7942705454651324,198.2397962893923,738.6840836296956,0.0034996500349965005,-1.7442202489359664
pl,0.5663970465893229,3.2893722849469715e-6,9.1411219271722e-6,0.025097490250974904,-1.5184055337979145
BS,1.1608703760162449,11.44188438727314,40.92283058784442,6.999300069993001e-4,-2.4261852633582692
